label,target,corpus,sanitizer,focus,bucket,seed,workspace
libpng/asan/parser/seed_001,libpng,png,asan,parser,seed_001,4101,agents/libpng_asan_seed_001_000
libpng/asan/structure-aware/seed_001,libpng,png,asan,structure-aware,seed_001,4101,agents/libpng_asan_seed_001_001
libpng/ubsan/differential/seed_001,libpng,png,ubsan,differential,seed_001,4101,agents/libpng_ubsan_seed_001_002
libpng/ubsan/stateful/seed_001,libpng,png,ubsan,stateful,seed_001,4101,agents/libpng_ubsan_seed_001_003
libjpeg/asan/parser/seed_001,libjpeg,jpeg,asan,parser,seed_001,4101,agents/libjpeg_asan_seed_001_004
libjpeg/asan/structure-aware/seed_001,libjpeg,jpeg,asan,structure-aware,seed_001,4101,agents/libjpeg_asan_seed_001_005
libjpeg/ubsan/differential/seed_001,libjpeg,jpeg,ubsan,differential,seed_001,4101,agents/libjpeg_ubsan_seed_001_006
libjpeg/ubsan/stateful/seed_001,libjpeg,jpeg,ubsan,stateful,seed_001,4101,agents/libjpeg_ubsan_seed_001_007
freetype/asan/parser/seed_001,freetype,fonts,asan,parser,seed_001,4101,agents/freetype_asan_seed_001_008
freetype/asan/structure-aware/seed_001,freetype,fonts,asan,structure-aware,seed_001,4101,agents/freetype_asan_seed_001_009
freetype/ubsan/differential/seed_001,freetype,fonts,ubsan,differential,seed_001,4101,agents/freetype_ubsan_seed_001_010
freetype/ubsan/stateful/seed_001,freetype,fonts,ubsan,stateful,seed_001,4101,agents/freetype_ubsan_seed_001_011
sqlite/asan/parser/seed_001,sqlite,sql,asan,parser,seed_001,4101,agents/sqlite_asan_seed_001_012
sqlite/asan/structure-aware/seed_001,sqlite,sql,asan,structure-aware,seed_001,4101,agents/sqlite_asan_seed_001_013
sqlite/ubsan/differential/seed_001,sqlite,sql,ubsan,differential,seed_001,4101,agents/sqlite_ubsan_seed_001_014
sqlite/ubsan/stateful/seed_001,sqlite,sql,ubsan,stateful,seed_001,4101,agents/sqlite_ubsan_seed_001_015
libpng/asan/parser/seed_002,libpng,png,asan,parser,seed_002,4102,agents/libpng_asan_seed_002_016
libpng/asan/structure-aware/seed_002,libpng,png,asan,structure-aware,seed_002,4102,agents/libpng_asan_seed_002_017
libpng/ubsan/differential/seed_002,libpng,png,ubsan,differential,seed_002,4102,agents/libpng_ubsan_seed_002_018
libpng/ubsan/stateful/seed_002,libpng,png,ubsan,stateful,seed_002,4102,agents/libpng_ubsan_seed_002_019
libjpeg/asan/parser/seed_002,libjpeg,jpeg,asan,parser,seed_002,4102,agents/libjpeg_asan_seed_002_020
libjpeg/asan/structure-aware/seed_002,libjpeg,jpeg,asan,structure-aware,seed_002,4102,agents/libjpeg_asan_seed_002_021
libjpeg/ubsan/differential/seed_002,libjpeg,jpeg,ubsan,differential,seed_002,4102,agents/libjpeg_ubsan_seed_002_022
libjpeg/ubsan/stateful/seed_002,libjpeg,jpeg,ubsan,stateful,seed_002,4102,agents/libjpeg_ubsan_seed_002_023
freetype/asan/parser/seed_002,freetype,fonts,asan,parser,seed_002,4102,agents/freetype_asan_seed_002_024
freetype/asan/structure-aware/seed_002,freetype,fonts,asan,structure-aware,seed_002,4102,agents/freetype_asan_seed_002_025
freetype/ubsan/differential/seed_002,freetype,fonts,ubsan,differential,seed_002,4102,agents/freetype_ubsan_seed_002_026
freetype/ubsan/stateful/seed_002,freetype,fonts,ubsan,stateful,seed_002,4102,agents/freetype_ubsan_seed_002_027
sqlite/asan/parser/seed_002,sqlite,sql,asan,parser,seed_002,4102,agents/sqlite_asan_seed_002_028
sqlite/asan/structure-aware/seed_002,sqlite,sql,asan,structure-aware,seed_002,4102,agents/sqlite_asan_seed_002_029
sqlite/ubsan/differential/seed_002,sqlite,sql,ubsan,differential,seed_002,4102,agents/sqlite_ubsan_seed_002_030
sqlite/ubsan/stateful/seed_002,sqlite,sql,ubsan,stateful,seed_002,4102,agents/sqlite_ubsan_seed_002_031
libpng/asan/parser/seed_003,libpng,png,asan,parser,seed_003,4103,agents/libpng_asan_seed_003_032
libpng/asan/structure-aware/seed_003,libpng,png,asan,structure-aware,seed_003,4103,agents/libpng_asan_seed_003_033
libpng/ubsan/differential/seed_003,libpng,png,ubsan,differential,seed_003,4103,agents/libpng_ubsan_seed_003_034
libpng/ubsan/stateful/seed_003,libpng,png,ubsan,stateful,seed_003,4103,agents/libpng_ubsan_seed_003_035
libjpeg/asan/parser/seed_003,libjpeg,jpeg,asan,parser,seed_003,4103,agents/libjpeg_asan_seed_003_036
libjpeg/asan/structure-aware/seed_003,libjpeg,jpeg,asan,structure-aware,seed_003,4103,agents/libjpeg_asan_seed_003_037
libjpeg/ubsan/differential/seed_003,libjpeg,jpeg,ubsan,differential,seed_003,4103,agents/libjpeg_ubsan_seed_003_038
libjpeg/ubsan/stateful/seed_003,libjpeg,jpeg,ubsan,stateful,seed_003,4103,agents/libjpeg_ubsan_seed_003_039
freetype/asan/parser/seed_003,freetype,fonts,asan,parser,seed_003,4103,agents/freetype_asan_seed_003_040
freetype/asan/structure-aware/seed_003,freetype,fonts,asan,structure-aware,seed_003,4103,agents/freetype_asan_seed_003_041
freetype/ubsan/differential/seed_003,freetype,fonts,ubsan,differential,seed_003,4103,agents/freetype_ubsan_seed_003_042
freetype/ubsan/stateful/seed_003,freetype,fonts,ubsan,stateful,seed_003,4103,agents/freetype_ubsan_seed_003_043
sqlite/asan/parser/seed_003,sqlite,sql,asan,parser,seed_003,4103,agents/sqlite_asan_seed_003_044
sqlite/asan/structure-aware/seed_003,sqlite,sql,asan,structure-aware,seed_003,4103,agents/sqlite_asan_seed_003_045
sqlite/ubsan/differential/seed_003,sqlite,sql,ubsan,differential,seed_003,4103,agents/sqlite_ubsan_seed_003_046
sqlite/ubsan/stateful/seed_003,sqlite,sql,ubsan,stateful,seed_003,4103,agents/sqlite_ubsan_seed_003_047
libpng/asan/parser/seed_004,libpng,png,asan,parser,seed_004,4104,agents/libpng_asan_seed_004_048
libpng/asan/structure-aware/seed_004,libpng,png,asan,structure-aware,seed_004,4104,agents/libpng_asan_seed_004_049
libpng/ubsan/differential/seed_004,libpng,png,ubsan,differential,seed_004,4104,agents/libpng_ubsan_seed_004_050
libpng/ubsan/stateful/seed_004,libpng,png,ubsan,stateful,seed_004,4104,agents/libpng_ubsan_seed_004_051
libjpeg/asan/parser/seed_004,libjpeg,jpeg,asan,parser,seed_004,4104,agents/libjpeg_asan_seed_004_052
libjpeg/asan/structure-aware/seed_004,libjpeg,jpeg,asan,structure-aware,seed_004,4104,agents/libjpeg_asan_seed_004_053
libjpeg/ubsan/differential/seed_004,libjpeg,jpeg,ubsan,differential,seed_004,4104,agents/libjpeg_ubsan_seed_004_054
libjpeg/ubsan/stateful/seed_004,libjpeg,jpeg,ubsan,stateful,seed_004,4104,agents/libjpeg_ubsan_seed_004_055
freetype/asan/parser/seed_004,freetype,fonts,asan,parser,seed_004,4104,agents/freetype_asan_seed_004_056
freetype/asan/structure-aware/seed_004,freetype,fonts,asan,structure-aware,seed_004,4104,agents/freetype_asan_seed_004_057
freetype/ubsan/differential/seed_004,freetype,fonts,ubsan,differential,seed_004,4104,agents/freetype_ubsan_seed_004_058
freetype/ubsan/stateful/seed_004,freetype,fonts,ubsan,stateful,seed_004,4104,agents/freetype_ubsan_seed_004_059
sqlite/asan/parser/seed_004,sqlite,sql,asan,parser,seed_004,4104,agents/sqlite_asan_seed_004_060
sqlite/asan/structure-aware/seed_004,sqlite,sql,asan,structure-aware,seed_004,4104,agents/sqlite_asan_seed_004_061
sqlite/ubsan/differential/seed_004,sqlite,sql,ubsan,differential,seed_004,4104,agents/sqlite_ubsan_seed_004_062
sqlite/ubsan/stateful/seed_004,sqlite,sql,ubsan,stateful,seed_004,4104,agents/sqlite_ubsan_seed_004_063
libpng/asan/parser/seed_005,libpng,png,asan,parser,seed_005,4105,agents/libpng_asan_seed_005_064
libpng/asan/structure-aware/seed_005,libpng,png,asan,structure-aware,seed_005,4105,agents/libpng_asan_seed_005_065
libpng/ubsan/differential/seed_005,libpng,png,ubsan,differential,seed_005,4105,agents/libpng_ubsan_seed_005_066
libpng/ubsan/stateful/seed_005,libpng,png,ubsan,stateful,seed_005,4105,agents/libpng_ubsan_seed_005_067
libjpeg/asan/parser/seed_005,libjpeg,jpeg,asan,parser,seed_005,4105,agents/libjpeg_asan_seed_005_068
libjpeg/asan/structure-aware/seed_005,libjpeg,jpeg,asan,structure-aware,seed_005,4105,agents/libjpeg_asan_seed_005_069
libjpeg/ubsan/differential/seed_005,libjpeg,jpeg,ubsan,differential,seed_005,4105,agents/libjpeg_ubsan_seed_005_070
libjpeg/ubsan/stateful/seed_005,libjpeg,jpeg,ubsan,stateful,seed_005,4105,agents/libjpeg_ubsan_seed_005_071
freetype/asan/parser/seed_005,freetype,fonts,asan,parser,seed_005,4105,agents/freetype_asan_seed_005_072
freetype/asan/structure-aware/seed_005,freetype,fonts,asan,structure-aware,seed_005,4105,agents/freetype_asan_seed_005_073
freetype/ubsan/differential/seed_005,freetype,fonts,ubsan,differential,seed_005,4105,agents/freetype_ubsan_seed_005_074
freetype/ubsan/stateful/seed_005,freetype,fonts,ubsan,stateful,seed_005,4105,agents/freetype_ubsan_seed_005_075
sqlite/asan/parser/seed_005,sqlite,sql,asan,parser,seed_005,4105,agents/sqlite_asan_seed_005_076
sqlite/asan/structure-aware/seed_005,sqlite,sql,asan,structure-aware,seed_005,4105,agents/sqlite_asan_seed_005_077
sqlite/ubsan/differential/seed_005,sqlite,sql,ubsan,differential,seed_005,4105,agents/sqlite_ubsan_seed_005_078
sqlite/ubsan/stateful/seed_005,sqlite,sql,ubsan,stateful,seed_005,4105,agents/sqlite_ubsan_seed_005_079
libpng/asan/parser/seed_006,libpng,png,asan,parser,seed_006,4106,agents/libpng_asan_seed_006_080
libpng/asan/structure-aware/seed_006,libpng,png,asan,structure-aware,seed_006,4106,agents/libpng_asan_seed_006_081
libpng/ubsan/differential/seed_006,libpng,png,ubsan,differential,seed_006,4106,agents/libpng_ubsan_seed_006_082
libpng/ubsan/stateful/seed_006,libpng,png,ubsan,stateful,seed_006,4106,agents/libpng_ubsan_seed_006_083
libjpeg/asan/parser/seed_006,libjpeg,jpeg,asan,parser,seed_006,4106,agents/libjpeg_asan_seed_006_084
libjpeg/asan/structure-aware/seed_006,libjpeg,jpeg,asan,structure-aware,seed_006,4106,agents/libjpeg_asan_seed_006_085
libjpeg/ubsan/differential/seed_006,libjpeg,jpeg,ubsan,differential,seed_006,4106,agents/libjpeg_ubsan_seed_006_086
libjpeg/ubsan/stateful/seed_006,libjpeg,jpeg,ubsan,stateful,seed_006,4106,agents/libjpeg_ubsan_seed_006_087
freetype/asan/parser/seed_006,freetype,fonts,asan,parser,seed_006,4106,agents/freetype_asan_seed_006_088
freetype/asan/structure-aware/seed_006,freetype,fonts,asan,structure-aware,seed_006,4106,agents/freetype_asan_seed_006_089
freetype/ubsan/differential/seed_006,freetype,fonts,ubsan,differential,seed_006,4106,agents/freetype_ubsan_seed_006_090
freetype/ubsan/stateful/seed_006,freetype,fonts,ubsan,stateful,seed_006,4106,agents/freetype_ubsan_seed_006_091
sqlite/asan/parser/seed_006,sqlite,sql,asan,parser,seed_006,4106,agents/sqlite_asan_seed_006_092
sqlite/asan/structure-aware/seed_006,sqlite,sql,asan,structure-aware,seed_006,4106,agents/sqlite_asan_seed_006_093
sqlite/ubsan/differential/seed_006,sqlite,sql,ubsan,differential,seed_006,4106,agents/sqlite_ubsan_seed_006_094
sqlite/ubsan/stateful/seed_006,sqlite,sql,ubsan,stateful,seed_006,4106,agents/sqlite_ubsan_seed_006_095
libpng/asan/parser/seed_007,libpng,png,asan,parser,seed_007,4107,agents/libpng_asan_seed_007_096
libpng/asan/structure-aware/seed_007,libpng,png,asan,structure-aware,seed_007,4107,agents/libpng_asan_seed_007_097
libpng/ubsan/differential/seed_007,libpng,png,ubsan,differential,seed_007,4107,agents/libpng_ubsan_seed_007_098
libpng/ubsan/stateful/seed_007,libpng,png,ubsan,stateful,seed_007,4107,agents/libpng_ubsan_seed_007_099
libjpeg/asan/parser/seed_007,libjpeg,jpeg,asan,parser,seed_007,4107,agents/libjpeg_asan_seed_007_100
libjpeg/asan/structure-aware/seed_007,libjpeg,jpeg,asan,structure-aware,seed_007,4107,agents/libjpeg_asan_seed_007_101
libjpeg/ubsan/differential/seed_007,libjpeg,jpeg,ubsan,differential,seed_007,4107,agents/libjpeg_ubsan_seed_007_102
libjpeg/ubsan/stateful/seed_007,libjpeg,jpeg,ubsan,stateful,seed_007,4107,agents/libjpeg_ubsan_seed_007_103
freetype/asan/parser/seed_007,freetype,fonts,asan,parser,seed_007,4107,agents/freetype_asan_seed_007_104
freetype/asan/structure-aware/seed_007,freetype,fonts,asan,structure-aware,seed_007,4107,agents/freetype_asan_seed_007_105
freetype/ubsan/differential/seed_007,freetype,fonts,ubsan,differential,seed_007,4107,agents/freetype_ubsan_seed_007_106
freetype/ubsan/stateful/seed_007,freetype,fonts,ubsan,stateful,seed_007,4107,agents/freetype_ubsan_seed_007_107
sqlite/asan/parser/seed_007,sqlite,sql,asan,parser,seed_007,4107,agents/sqlite_asan_seed_007_108
sqlite/asan/structure-aware/seed_007,sqlite,sql,asan,structure-aware,seed_007,4107,agents/sqlite_asan_seed_007_109
sqlite/ubsan/differential/seed_007,sqlite,sql,ubsan,differential,seed_007,4107,agents/sqlite_ubsan_seed_007_110
sqlite/ubsan/stateful/seed_007,sqlite,sql,ubsan,stateful,seed_007,4107,agents/sqlite_ubsan_seed_007_111
libpng/asan/parser/seed_008,libpng,png,asan,parser,seed_008,4108,agents/libpng_asan_seed_008_112
libpng/asan/structure-aware/seed_008,libpng,png,asan,structure-aware,seed_008,4108,agents/libpng_asan_seed_008_113
libpng/ubsan/differential/seed_008,libpng,png,ubsan,differential,seed_008,4108,agents/libpng_ubsan_seed_008_114
libpng/ubsan/stateful/seed_008,libpng,png,ubsan,stateful,seed_008,4108,agents/libpng_ubsan_seed_008_115
libjpeg/asan/parser/seed_008,libjpeg,jpeg,asan,parser,seed_008,4108,agents/libjpeg_asan_seed_008_116
libjpeg/asan/structure-aware/seed_008,libjpeg,jpeg,asan,structure-aware,seed_008,4108,agents/libjpeg_asan_seed_008_117
libjpeg/ubsan/differential/seed_008,libjpeg,jpeg,ubsan,differential,seed_008,4108,agents/libjpeg_ubsan_seed_008_118
libjpeg/ubsan/stateful/seed_008,libjpeg,jpeg,ubsan,stateful,seed_008,4108,agents/libjpeg_ubsan_seed_008_119
freetype/asan/parser/seed_008,freetype,fonts,asan,parser,seed_008,4108,agents/freetype_asan_seed_008_120
freetype/asan/structure-aware/seed_008,freetype,fonts,asan,structure-aware,seed_008,4108,agents/freetype_asan_seed_008_121
freetype/ubsan/differential/seed_008,freetype,fonts,ubsan,differential,seed_008,4108,agents/freetype_ubsan_seed_008_122
freetype/ubsan/stateful/seed_008,freetype,fonts,ubsan,stateful,seed_008,4108,agents/freetype_ubsan_seed_008_123
sqlite/asan/parser/seed_008,sqlite,sql,asan,parser,seed_008,4108,agents/sqlite_asan_seed_008_124
sqlite/asan/structure-aware/seed_008,sqlite,sql,asan,structure-aware,seed_008,4108,agents/sqlite_asan_seed_008_125
sqlite/ubsan/differential/seed_008,sqlite,sql,ubsan,differential,seed_008,4108,agents/sqlite_ubsan_seed_008_126
sqlite/ubsan/stateful/seed_008,sqlite,sql,ubsan,stateful,seed_008,4108,agents/sqlite_ubsan_seed_008_127
